Sl_No,User_ID,Sponsor,Name,Phone,Email,Tron_Wallet,Package,Renewal_Date,Date,"Renewal status",Status,"Pay status"
1,DA4804416,DA8197428,mem9,9874561230,member8@gmail.com,,Platinum,2023-03-29,2023-03-24,2023-03-24,Unblock,Paid,Paid
2,DA8197428,DA8555772,mem8,9874562541,member8@gmail.com,,Gold,2023-03-27,2023-03-24,2023-03-24,Unblock,Paid,Paid
3,DA8555772,DA8786892,mem7,9874561230,member8@gmail.com,,Gold,2023-03-27,2023-03-24,2023-03-24,Unblock,Paid,Paid
4,DA9587673,DA8786892,mem6,9856321470,member6@gmail.com,,Diamond,2023-03-28,2023-03-24,2023-03-24,Unblock,Paid,Paid
5,DA4307454,DA8786892,mem5,9874561230,member5@gmail.com,,Diamond,2023-03-28,2023-03-24,2023-03-24,Unblock,Paid,Paid
6,DA9918348,DA8786892,member4,9874561230,member4@gmail.com,,Gold,2023-03-27,2023-03-24,2023-03-24,Unblock,Paid,Paid
7,DA1611870,DA4453396,member3,9874561230,member3@gmail.com,,Diamond,2023-03-28,2023-03-24,2023-03-24,Unblock,Paid,Paid
8,DA4453396,DA8786892,member2,9874561230,member2@gmail.com,757457865ghfh,Gold,2023-03-27,2023-03-24,2023-03-24,Unblock,Paid,Paid
9,DA8786892,,"First Member",9007856230,FirstMember@gmail.com,12weee,Platinum,2023-03-29,2023-03-24,2023-03-24,Unblock,Paid,Paid
